name	population	country	admin1	canonical
서울	9000000	KR	11	Seoul
서울시	9000000	KR	11	Seoul
서울특별시	9000000	KR	11	Seoul
Seoul	9000000	KR	11	Seoul
부산	3000000	KR	10	Busan
부산시	3000000	KR	10	Busan
Busan	3000000	KR	10	Busan
Pusan	3000000	KR	10	Busan
대구	2000000	KR	15	Daegu
Daegu	2000000	KR	15	Daegu
광주	1500000	KR	18	Gwangju
광주광역시	1500000	KR	18	Gwangju
Gwangju	1500000	KR	18	Gwangju
대전	1400000	KR	19	Daejeon
Daejeon	1400000	KR	19	Daejeon
인천	2800000	KR	12	Incheon
Incheon	2800000	KR	12	Incheon
용인	1000000	KR	13	Yongin
Yongin	1000000	KR	13	Yongin
Karlsruhe	300000	DE	BW	Karlsruhe
London	8000000	GB	ENG	London
런던	8000000	GB	ENG	London
New York	8000000	US	NY	New York
뉴욕	8000000	US	NY	New York
Los Angeles	3000000	US	CA	Los Angeles
Paris	2000000	FR	11	Paris
Berlin	3000000	DE	BE	Berlin
Tokyo	13000000	JP	13	Tokyo
도쿄	13000000	JP	13	Tokyo
Hong Kong	7000000	HK		Hong Kong
