# Korean first- and second-level administrative units (ADM1, ADM2).
# Derived from GeoNames KR.txt (CC BY 4.0) by tools/build_kr_places.py; see SOURCES.txt.
name	population	country	admin1	canonical
Jeju-do	678324	KR	01	Jeju-do
제주도	678324	KR	01	Jeju-do
제주특별자치도	678324	KR	01	Jeju-do
Jeju-si	488844	KR	01	Jeju-si
제주시	488844	KR	01	Jeju-si
Seogwipo-si	180909	KR	01	Seogwipo-si
서귀포	180909	KR	01	Seogwipo-si
서귀포시	180909	KR	01	Seogwipo-si
Buan-gun	74716	KR	03	Buan-gun
부안	74716	KR	03	Buan-gun
부안군	74716	KR	03	Buan-gun
Gimje-si	93111	KR	03	Gimje-si
김제	93111	KR	03	Gimje-si
김제시	93111	KR	03	Gimje-si
Gochang-gun	72996	KR	03	Gochang-gun
고창군	72996	KR	03	Gochang-gun
Gunsan-si	278289	KR	03	Gunsan-si
군산	278289	KR	03	Gunsan-si
군산시	278289	KR	03	Gunsan-si
Iksan-si	308794	KR	03	Iksan-si
익산	308794	KR	03	Iksan-si
익산시	308794	KR	03	Iksan-si
Imsil-gun	37514	KR	03	Imsil-gun
임실	37514	KR	03	Imsil-gun
임실군	37514	KR	03	Imsil-gun
Jangsu-gun	26463	KR	03	Jangsu-gun
장수	26463	KR	03	Jangsu-gun
장수군	26463	KR	03	Jangsu-gun
Jeonbuk	1769607	KR	03	Jeonbuk
전라북도	1769607	KR	03	Jeonbuk
전북특별자치도	1769607	KR	03	Jeonbuk
Jeongeup-si	139876	KR	03	Jeongeup-si
정읍	139876	KR	03	Jeongeup-si
정읍시	139876	KR	03	Jeongeup-si
Jeonju-si	654040	KR	03	Jeonju-si
전주	654040	KR	03	Jeonju-si
전주시	654040	KR	03	Jeonju-si
Jinan-gun	31273	KR	03	Jinan-gun
진안	31273	KR	03	Jinan-gun
진안군	31273	KR	03	Jinan-gun
Muju-gun	25169	KR	03	Muju-gun
무주	25169	KR	03	Muju-gun
무주군	25169	KR	03	Muju-gun
Namwon	87000	KR	03	Namwon
남원	87000	KR	03	Namwon
남원시	87000	KR	03	Namwon
Sunchang-gun	26803	KR	03	Sunchang-gun
순창	26803	KR	03	Sunchang-gun
순창군	26803	KR	03	Sunchang-gun
Wanju-gun	84009	KR	03	Wanju-gun
완주군	84009	KR	03	Wanju-gun
Boeun-gun	43245	KR	05	Boeun-gun
보은	43245	KR	05	Boeun-gun
보은군	43245	KR	05	Boeun-gun
Cheongju-si	670680	KR	05	Cheongju-si
청주	670680	KR	05	Cheongju-si
청주시	670680	KR	05	Cheongju-si
Chungcheongbuk-do	1578934	KR	05	Chungcheongbuk-do
충청북도	1578934	KR	05	Chungcheongbuk-do
Chungju-si	218098	KR	05	Chungju-si
충주	218098	KR	05	Chungju-si
충주시	218098	KR	05	Chungju-si
Danyang-gun	37320	KR	05	Danyang-gun
단양군	37320	KR	05	Danyang-gun
Eumseong-gun	90377	KR	05	Eumseong-gun
음성	90377	KR	05	Eumseong-gun
음성군	90377	KR	05	Eumseong-gun
Goesan-gun	44461	KR	05	Goesan-gun
괴산	44461	KR	05	Goesan-gun
괴산군	44461	KR	05	Goesan-gun
Jecheon-si	137147	KR	05	Jecheon-si
제천	137147	KR	05	Jecheon-si
제천시	137147	KR	05	Jecheon-si
Jeungpyeong-gun	31276	KR	05	Jeungpyeong-gun
증평	31276	KR	05	Jeungpyeong-gun
증평군	31276	KR	05	Jeungpyeong-gun
Jincheon-gun	60964	KR	05	Jincheon-gun
진천	60964	KR	05	Jincheon-gun
진천군	60964	KR	05	Jincheon-gun
Okcheon-gun	56634	KR	05	Okcheon-gun
옥천	56634	KR	05	Okcheon-gun
옥천군	56634	KR	05	Okcheon-gun
Yeongdong-gun	43680	KR	05	Yeongdong-gun
영동	43680	KR	05	Yeongdong-gun
영동군	43680	KR	05	Yeongdong-gun
Cheorwon-gun	54040	KR	06	Cheorwon-gun
철원	54040	KR	06	Cheorwon-gun
철원군	54040	KR	06	Cheorwon-gun
Chuncheon-si	273130	KR	06	Chuncheon-si
춘천	273130	KR	06	Chuncheon-si
춘천시	273130	KR	06	Chuncheon-si
Donghae-si	103115	KR	06	Donghae-si
동해	103115	KR	06	Donghae-si
동해시	103115	KR	06	Donghae-si
Gangneung-si	229869	KR	06	Gangneung-si
강릉	229869	KR	06	Gangneung-si
강릉시	229869	KR	06	Gangneung-si
Gangwon	1537339	KR	06	Gangwon
강원도	1537339	KR	06	Gangwon
강원특별자치도	1537339	KR	06	Gangwon
Goseong-gun	62446	KR	06	Goseong-gun
고성군	62446	KR	06	Goseong-gun
Hoengseong-gun	47362	KR	06	Hoengseong-gun
횡성군	47362	KR	06	Hoengseong-gun
Hongcheon-gun	70401	KR	06	Hongcheon-gun
홍천	70401	KR	06	Hongcheon-gun
홍천군	70401	KR	06	Hongcheon-gun
Hwacheon-gun	23822	KR	06	Hwacheon-gun
화천군	23822	KR	06	Hwacheon-gun
Inje-gun	34120	KR	06	Inje-gun
인제	34120	KR	06	Inje-gun
인제군	34120	KR	06	Inje-gun
Jeongseon-gun	46362	KR	06	Jeongseon-gun
정선	46362	KR	06	Jeongseon-gun
정선군	46362	KR	06	Jeongseon-gun
Pyeongchang-gun	43706	KR	06	Pyeongchang-gun
평창군	43706	KR	06	Pyeongchang-gun
Samcheok-si	72368	KR	06	Samcheok-si
삼척	72368	KR	06	Samcheok-si
삼척시	72368	KR	06	Samcheok-si
Sokcho-si	89461	KR	06	Sokcho-si
속초	89461	KR	06	Sokcho-si
속초시	89461	KR	06	Sokcho-si
Taebaek-si	38103	KR	06	Taebaek-si
태백	38103	KR	06	Taebaek-si
태백시	38103	KR	06	Taebaek-si
Wonju-si	310854	KR	06	Wonju-si
원주	310854	KR	06	Wonju-si
원주시	310854	KR	06	Wonju-si
Yanggu-gun	24027	KR	06	Yanggu-gun
양구군	24027	KR	06	Yanggu-gun
Yangyang-gun	27390	KR	06	Yangyang-gun
양양	27390	KR	06	Yangyang-gun
양양군	27390	KR	06	Yangyang-gun
Yeongwol-gun	0	KR	06	Yeongwol-gun
영월군	0	KR	06	Yeongwol-gun
Buk-gu	275773	KR	10	Buk-gu
북구	275773	KR	10	Buk-gu
Busan	3343903	KR	10	Busan
부산광역시	3343903	KR	10	Busan
부산시	3343903	KR	10	Busan
Busanjin-gu	0	KR	10	Busanjin-gu
부산진구	0	KR	10	Busanjin-gu
Dong-gu	86308	KR	10	Dong-gu
동구	86308	KR	10	Dong-gu
Dongnae-gu	269086	KR	10	Dongnae-gu
동래구	269086	KR	10	Dongnae-gu
Gangseo District	142902	KR	10	Gangseo District
강서구	142902	KR	10	Gangseo District
Geumjeong-gu	210905	KR	10	Geumjeong-gu
금정구	210905	KR	10	Geumjeong-gu
Gijang-gun	103784	KR	10	Gijang-gun
기장	103784	KR	10	Gijang-gun
기장군	103784	KR	10	Gijang-gun
Haeundae-gu	376621	KR	10	Haeundae-gu
해운대구	376621	KR	10	Haeundae-gu
Jung-gu	37904	KR	10	Jung-gu
중구	37904	KR	10	Jung-gu
Nam-gu	255387	KR	10	Nam-gu
남구	255387	KR	10	Nam-gu
Saha-gu	292717	KR	10	Saha-gu
사하	292717	KR	10	Saha-gu
사하구	292717	KR	10	Saha-gu
Sasang-gu	199406	KR	10	Sasang-gu
사상	199406	KR	10	Sasang-gu
사상구	199406	KR	10	Sasang-gu
Seo-gu	103337	KR	10	Seo-gu
서구	103337	KR	10	Seo-gu
Suyeong-gu	172329	KR	10	Suyeong-gu
수영	172329	KR	10	Suyeong-gu
수영구	172329	KR	10	Suyeong-gu
Yeongdo-gu	162961	KR	10	Yeongdo-gu
영도	162961	KR	10	Yeongdo-gu
영도구	162961	KR	10	Yeongdo-gu
Yeonje-gu	212400	KR	10	Yeonje-gu
연제	212400	KR	10	Yeonje-gu
연제구	212400	KR	10	Yeonje-gu
Dobong-gu	301554	KR	11	Dobong-gu
도봉구	301554	KR	11	Dobong-gu
Dongdaemun District	340686	KR	11	Dongdaemun District
동대문	340686	KR	11	Dongdaemun District
동대문구	340686	KR	11	Dongdaemun District
Dongjak-gu	397317	KR	11	Dongjak-gu
동작구	397317	KR	11	Dongjak-gu
Eunpyeong-gu	450583	KR	11	Eunpyeong-gu
은평구	450583	KR	11	Eunpyeong-gu
Gangbuk-gu	324413	KR	11	Gangbuk-gu
강북구	324413	KR	11	Gangbuk-gu
Gangdong-gu	465807	KR	11	Gangdong-gu
강동구	465807	KR	11	Gangdong-gu
Gangnam-gu	508135	KR	11	Gangnam-gu
강남	508135	KR	11	Gangnam-gu
강남구	508135	KR	11	Gangnam-gu
Gangseo-gu	546938	KR	11	Gangseo-gu
강서구	546938	KR	11	Gangseo-gu
Geumcheon-gu	242510	KR	11	Geumcheon-gu
금천구	242510	KR	11	Geumcheon-gu
Guro District	388823	KR	11	Guro District
구로구	388823	KR	11	Guro District
Gwanak-gu	520849	KR	11	Gwanak-gu
관악구	520849	KR	11	Gwanak-gu
Gwangjin-gu	333403	KR	11	Gwangjin-gu
광진구	333403	KR	11	Gwangjin-gu
Jongno-gu	138879	KR	11	Jongno-gu
종로구	138879	KR	11	Jongno-gu
Jung-gu	121324	KR	11	Jung-gu
중구	121324	KR	11	Jung-gu
Jungnang-gu	380353	KR	11	Jungnang-gu
중랑구	380353	KR	11	Jungnang-gu
Mapo-gu	381330	KR	11	Mapo-gu
마포구	381330	KR	11	Mapo-gu
Nowon-gu	492544	KR	11	Nowon-gu
노원구	492544	KR	11	Nowon-gu
Seocho-gu	405126	KR	11	Seocho-gu
서초구	405126	KR	11	Seocho-gu
Seodaemun-gu	313814	KR	11	Seodaemun-gu
서대문	313814	KR	11	Seodaemun-gu
서대문구	313814	KR	11	Seodaemun-gu
Seongbuk-gu	423439	KR	11	Seongbuk-gu
성북구	423439	KR	11	Seongbuk-gu
Seongdong-gu	275403	KR	11	Seongdong-gu
성동구	275403	KR	11	Seongdong-gu
Seoul	9659322	KR	11	Seoul
서울시	9659322	KR	11	Seoul
서울특별시	9659322	KR	11	Seoul
Songpa-gu	652343	KR	11	Songpa-gu
송파구	652343	KR	11	Songpa-gu
Yangcheon-gu	469434	KR	11	Yangcheon-gu
양천구	469434	KR	11	Yangcheon-gu
Yeongdeungpo-gu	396243	KR	11	Yeongdeungpo-gu
영등포구	396243	KR	11	Yeongdeungpo-gu
Yongsan-gu	205145	KR	11	Yongsan-gu
용산	205145	KR	11	Yongsan-gu
용산구	205145	KR	11	Yongsan-gu
Bupyeong-gu	493253	KR	12	Bupyeong-gu
부평	493253	KR	12	Bupyeong-gu
부평구	493253	KR	12	Bupyeong-gu
Dong-gu	75513	KR	12	Dong-gu
동구	75513	KR	12	Dong-gu
Ganghwa-gun	68891	KR	12	Ganghwa-gun
강화	68891	KR	12	Ganghwa-gun
강화군	68891	KR	12	Ganghwa-gun
Gyeyang-gu	281172	KR	12	Gyeyang-gu
Incheon	3016250	KR	12	Incheon
인천광역시	3016250	KR	12	Incheon
인천시	3016250	KR	12	Incheon
Jung-gu	136879	KR	12	Jung-gu
중구	136879	KR	12	Jung-gu
Michuhol	410913	KR	12	Michuhol
남구	410913	KR	12	Michuhol
미추홀구	410913	KR	12	Michuhol
Namdong-gu	487569	KR	12	Namdong-gu
남동	487569	KR	12	Namdong-gu
남동구	487569	KR	12	Namdong-gu
Ongjin-gun	20456	KR	12	Ongjin-gun
옹진	20456	KR	12	Ongjin-gun
옹진군	20456	KR	12	Ongjin-gun
Seo-gu	631652	KR	12	Seo-gu
서구	631652	KR	12	Seo-gu
Yeonsu-gu	398972	KR	12	Yeonsu-gu
연수	398972	KR	12	Yeonsu-gu
연수구	398972	KR	12	Yeonsu-gu
Ansan-si	623256	KR	13	Ansan-si
안산	623256	KR	13	Ansan-si
안산시	623256	KR	13	Ansan-si
Anseong	193220	KR	13	Anseong
안성	193220	KR	13	Anseong
안성시	193220	KR	13	Anseong
Anyang-si	551228	KR	13	Anyang-si
안양	551228	KR	13	Anyang-si
안양시	551228	KR	13	Anyang-si
Bucheon-si	772450	KR	13	Bucheon-si
부천	772450	KR	13	Bucheon-si
부천시	772450	KR	13	Bucheon-si
Dongducheon	87099	KR	13	Dongducheon
동두천	87099	KR	13	Dongducheon
동두천시	87099	KR	13	Dongducheon
Gapyeong-gun	55415	KR	13	Gapyeong-gun
가평군	55415	KR	13	Gapyeong-gun
Gimpo-si	486258	KR	13	Gimpo-si
김포	486258	KR	13	Gimpo-si
김포시	486258	KR	13	Gimpo-si
Goyang-si	1073069	KR	13	Goyang-si
고양	1073069	KR	13	Goyang-si
고양시	1073069	KR	13	Goyang-si
Gunpo-si	257498	KR	13	Gunpo-si
군포	257498	KR	13	Gunpo-si
군포시	257498	KR	13	Gunpo-si
Guri-si	211720	KR	13	Guri-si
구리	211720	KR	13	Guri-si
구리시	211720	KR	13	Guri-si
Gwacheon-si	85397	KR	13	Gwacheon-si
과천	85397	KR	13	Gwacheon-si
과천시	85397	KR	13	Gwacheon-si
Gwangju-si	396055	KR	13	Gwangju-si
광주시	396055	KR	13	Gwangju-si
Gwangmyeong-si	277564	KR	13	Gwangmyeong-si
광명	277564	KR	13	Gwangmyeong-si
광명시	277564	KR	13	Gwangmyeong-si
Gyeonggi-do	13511676	KR	13	Gyeonggi-do
경기도	13511676	KR	13	Gyeonggi-do
Hanam-si	328412	KR	13	Hanam-si
하남	328412	KR	13	Hanam-si
하남시	328412	KR	13	Hanam-si
Hwaseong-si	904267	KR	13	Hwaseong-si
화성	904267	KR	13	Hwaseong-si
화성시	904267	KR	13	Hwaseong-si
Icheon-si	223422	KR	13	Icheon-si
이천	223422	KR	13	Icheon-si
이천시	223422	KR	13	Icheon-si
Namyangju-si	732783	KR	13	Namyangju-si
남양주	732783	KR	13	Namyangju-si
남양주시	732783	KR	13	Namyangju-si
Osan-si	238788	KR	13	Osan-si
오산	238788	KR	13	Osan-si
오산시	238788	KR	13	Osan-si
Paju-si	520803	KR	13	Paju-si
파주	520803	KR	13	Paju-si
파주시	520803	KR	13	Paju-si
Pocheon-si	141825	KR	13	Pocheon-si
포천	141825	KR	13	Pocheon-si
포천시	141825	KR	13	Pocheon-si
Pyeongtaek	500787	KR	13	Pyeongtaek
평택	500787	KR	13	Pyeongtaek
평택시	500787	KR	13	Pyeongtaek
Seongnam-si	914832	KR	13	Seongnam-si
성남	914832	KR	13	Seongnam-si
성남시	914832	KR	13	Seongnam-si
Siheung	518559	KR	13	Siheung
시흥	518559	KR	13	Siheung
시흥시	518559	KR	13	Siheung
Suwon-si	1160062	KR	13	Suwon-si
수원	1160062	KR	13	Suwon-si
수원시	1160062	KR	13	Suwon-si
Uijeongbu-si	460284	KR	13	Uijeongbu-si
의정부	460284	KR	13	Uijeongbu-si
의정부시	460284	KR	13	Uijeongbu-si
Uiwang-si	154923	KR	13	Uiwang-si
의왕	154923	KR	13	Uiwang-si
의왕시	154923	KR	13	Uiwang-si
Yangju-si	285930	KR	13	Yangju-si
양주	285930	KR	13	Yangju-si
양주시	285930	KR	13	Yangju-si
Yangpyeong-gun	126982	KR	13	Yangpyeong-gun
양평군	126982	KR	13	Yangpyeong-gun
Yeoju-si	114750	KR	13	Yeoju-si
여주	114750	KR	13	Yeoju-si
여주시	114750	KR	13	Yeoju-si
Yeoncheon-gun	50655	KR	13	Yeoncheon-gun
연천군	50655	KR	13	Yeoncheon-gun
Yongin-si	1076369	KR	13	Yongin-si
용인	1076369	KR	13	Yongin-si
용인시	1076369	KR	13	Yongin-si
Andong-si	167942	KR	14	Andong-si
안동	167942	KR	14	Andong-si
안동시	167942	KR	14	Andong-si
Bonghwa-gun	41452	KR	14	Bonghwa-gun
봉화군	41452	KR	14	Bonghwa-gun
Cheongdo-gun	47099	KR	14	Cheongdo-gun
청도	47099	KR	14	Cheongdo-gun
청도군	47099	KR	14	Cheongdo-gun
Cheongsong-gun	31313	KR	14	Cheongsong-gun
청송군	31313	KR	14	Cheongsong-gun
Chilgok-gun	107158	KR	14	Chilgok-gun
칠곡	107158	KR	14	Chilgok-gun
칠곡군	107158	KR	14	Chilgok-gun
Gimcheon-si	150000	KR	14	Gimcheon-si
김천	150000	KR	14	Gimcheon-si
김천시	150000	KR	14	Gimcheon-si
Goryeong-gun	35000	KR	14	Goryeong-gun
고령	35000	KR	14	Goryeong-gun
고령군	35000	KR	14	Goryeong-gun
Gumi-si	374654	KR	14	Gumi-si
구미	374654	KR	14	Gumi-si
구미시	374654	KR	14	Gumi-si
Gunwi-gun	34293	KR	14	Gunwi-gun
군위	34293	KR	14	Gunwi-gun
군위군	34293	KR	14	Gunwi-gun
Gyeongju	264091	KR	14	Gyeongju
경주	264091	KR	14	Gyeongju
경주시	264091	KR	14	Gyeongju
Gyeongsan-si	236459	KR	14	Gyeongsan-si
경산	236459	KR	14	Gyeongsan-si
경산시	236459	KR	14	Gyeongsan-si
Gyeongsangbuk-do	2708787	KR	14	Gyeongsangbuk-do
경상북도	2708787	KR	14	Gyeongsangbuk-do
Mungyeong-si	77304	KR	14	Mungyeong-si
문경	77304	KR	14	Mungyeong-si
문경시	77304	KR	14	Mungyeong-si
Pohang-si	520305	KR	14	Pohang-si
포항	520305	KR	14	Pohang-si
포항시	520305	KR	14	Pohang-si
Sangju-si	0	KR	14	Sangju-si
상주	0	KR	14	Sangju-si
상주시	0	KR	14	Sangju-si
Seongju-gun	51028	KR	14	Seongju-gun
성주군	51028	KR	14	Seongju-gun
Uiseong-gun	71216	KR	14	Uiseong-gun
의성	71216	KR	14	Uiseong-gun
의성군	71216	KR	14	Uiseong-gun
Uljin-gun	46112	KR	14	Uljin-gun
울진	46112	KR	14	Uljin-gun
울진군	46112	KR	14	Uljin-gun
Ulleung-gun	10426	KR	14	Ulleung-gun
울릉	10426	KR	14	Ulleung-gun
울릉군	10426	KR	14	Ulleung-gun
Yecheon-gun	58081	KR	14	Yecheon-gun
예천	58081	KR	14	Yecheon-gun
예천군	58081	KR	14	Yecheon-gun
Yeongcheon-si	113807	KR	14	Yeongcheon-si
영천	113807	KR	14	Yeongcheon-si
영천시	113807	KR	14	Yeongcheon-si
Yeongdeok-gun	52697	KR	14	Yeongdeok-gun
영덕	52697	KR	14	Yeongdeok-gun
영덕군	52697	KR	14	Yeongdeok-gun
Yeongju-si	196000	KR	14	Yeongju-si
영주	196000	KR	14	Yeongju-si
영주시	196000	KR	14	Yeongju-si
Yeongyang-gun	21385	KR	14	Yeongyang-gun
영양	21385	KR	14	Yeongyang-gun
영양군	21385	KR	14	Yeongyang-gun
Buk-gu	414883	KR	15	Buk-gu
북구	414883	KR	15	Buk-gu
Daegu	2365523	KR	15	Daegu
대구광역시	2365523	KR	15	Daegu
대구시	2365523	KR	15	Daegu
Dalseo-gu	523712	KR	15	Dalseo-gu
달서	523712	KR	15	Dalseo-gu
달서구	523712	KR	15	Dalseo-gu
Dalseong-gun	264680	KR	15	Dalseong-gun
달성군	264680	KR	15	Dalseong-gun
Dong-gu	343398	KR	15	Dong-gu
동구	343398	KR	15	Dong-gu
Jung-gu	94808	KR	15	Jung-gu
중구	94808	KR	15	Jung-gu
Nam-gu	135957	KR	15	Nam-gu
남구	135957	KR	15	Nam-gu
Seo-gu	163463	KR	15	Seo-gu
서구	163463	KR	15	Seo-gu
Suseong-gu	408477	KR	15	Suseong-gu
수성구	408477	KR	15	Suseong-gu
Boseong-gun	61329	KR	16	Boseong-gun
보성	61329	KR	16	Boseong-gun
보성군	61329	KR	16	Boseong-gun
Damyang-gun	51420	KR	16	Damyang-gun
담양	51420	KR	16	Damyang-gun
담양군	51420	KR	16	Damyang-gun
Gangjin-gun	49254	KR	16	Gangjin-gun
강진	49254	KR	16	Gangjin-gun
강진군	49254	KR	16	Gangjin-gun
Goheung-gun	84023	KR	16	Goheung-gun
고흥	84023	KR	16	Goheung-gun
고흥군	84023	KR	16	Goheung-gun
Gokseong-gun	37080	KR	16	Gokseong-gun
곡성군	37080	KR	16	Gokseong-gun
Gurye-gun	30000	KR	16	Gurye-gun
구례	30000	KR	16	Gurye-gun
구례군	30000	KR	16	Gurye-gun
Gwangyang-si	138012	KR	16	Gwangyang-si
광양	138012	KR	16	Gwangyang-si
광양시	138012	KR	16	Gwangyang-si
Haenam-gun	87956	KR	16	Haenam-gun
해남	87956	KR	16	Haenam-gun
해남군	87956	KR	16	Haenam-gun
Hampyeong-gun	45232	KR	16	Hampyeong-gun
함평	45232	KR	16	Hampyeong-gun
함평군	45232	KR	16	Hampyeong-gun
Hwasun-gun	78610	KR	16	Hwasun-gun
화순	78610	KR	16	Hwasun-gun
화순군	78610	KR	16	Hwasun-gun
Jangheung-gun	53392	KR	16	Jangheung-gun
장흥	53392	KR	16	Jangheung-gun
장흥군	53392	KR	16	Jangheung-gun
Jangseong-gun	55986	KR	16	Jangseong-gun
장성	55986	KR	16	Jangseong-gun
장성군	55986	KR	16	Jangseong-gun
Jeollanam-do	1902324	KR	16	Jeollanam-do
전라남도	1902324	KR	16	Jeollanam-do
Jindo-gun	42229	KR	16	Jindo-gun
진도	42229	KR	16	Jindo-gun
진도군	42229	KR	16	Jindo-gun
Mokpo-si	210806	KR	16	Mokpo-si
목포	210806	KR	16	Mokpo-si
목포시	210806	KR	16	Mokpo-si
Muan-gun	75718	KR	16	Muan-gun
무안	75718	KR	16	Muan-gun
무안군	75718	KR	16	Muan-gun
Naju-si	116891	KR	16	Naju-si
나주	116891	KR	16	Naju-si
나주시	116891	KR	16	Naju-si
Sinan-gun	53150	KR	16	Sinan-gun
신안	53150	KR	16	Sinan-gun
신안군	53150	KR	16	Sinan-gun
Suncheon-si	276375	KR	16	Suncheon-si
순천	276375	KR	16	Suncheon-si
순천시	276375	KR	16	Suncheon-si
Wando-gun	45837	KR	16	Wando-gun
완도	45837	KR	16	Wando-gun
완도군	45837	KR	16	Wando-gun
Yeongam-gun	65268	KR	16	Yeongam-gun
영암	65268	KR	16	Yeongam-gun
영암군	65268	KR	16	Yeongam-gun
Yeonggwang-gun	72780	KR	16	Yeonggwang-gun
영광	72780	KR	16	Yeonggwang-gun
영광군	72780	KR	16	Yeonggwang-gun
Yeosu-si	0	KR	16	Yeosu-si
여수	0	KR	16	Yeosu-si
여수시	0	KR	16	Yeosu-si
Asan-si	242575	KR	17	Asan-si
아산	242575	KR	17	Asan-si
아산시	242575	KR	17	Asan-si
Boryeong-si	94191	KR	17	Boryeong-si
보령	94191	KR	17	Boryeong-si
보령시	94191	KR	17	Boryeong-si
Buyeo-gun	95213	KR	17	Buyeo-gun
부여	95213	KR	17	Buyeo-gun
부여군	95213	KR	17	Buyeo-gun
Cheonan-si	658831	KR	17	Cheonan-si
천안	658831	KR	17	Cheonan-si
천안시	658831	KR	17	Cheonan-si
Cheongyang-gun	37194	KR	17	Cheongyang-gun
청양	37194	KR	17	Cheongyang-gun
청양군	37194	KR	17	Cheongyang-gun
Chungcheongnam-do	2123037	KR	17	Chungcheongnam-do
충청남도	2123037	KR	17	Chungcheongnam-do
Dangjin-si	0	KR	17	Dangjin-si
당진	0	KR	17	Dangjin-si
당진시	0	KR	17	Dangjin-si
Geumsan-gun	60740	KR	17	Geumsan-gun
금산	60740	KR	17	Geumsan-gun
금산군	60740	KR	17	Geumsan-gun
Gongju-si	101695	KR	17	Gongju-si
공주	101695	KR	17	Gongju-si
공주시	101695	KR	17	Gongju-si
Gyeryong-si	43269	KR	17	Gyeryong-si
계룡	43269	KR	17	Gyeryong-si
계룡시	43269	KR	17	Gyeryong-si
Hongseong-gun	98866	KR	17	Hongseong-gun
홍성	98866	KR	17	Hongseong-gun
홍성군	98866	KR	17	Hongseong-gun
Nonsan-si	108883	KR	17	Nonsan-si
논산	108883	KR	17	Nonsan-si
논산시	108883	KR	17	Nonsan-si
Seocheon-gun	67651	KR	17	Seocheon-gun
서천	67651	KR	17	Seocheon-gun
서천군	67651	KR	17	Seocheon-gun
Seosan-si	163055	KR	17	Seosan-si
서산	163055	KR	17	Seosan-si
서산시	163055	KR	17	Seosan-si
Taean-gun	63930	KR	17	Taean-gun
태안	63930	KR	17	Taean-gun
태안군	63930	KR	17	Taean-gun
Yesan-gun	100602	KR	17	Yesan-gun
예산	100602	KR	17	Yesan-gun
예산군	100602	KR	17	Yesan-gun
Buk-gu	424942	KR	18	Buk-gu
북구	424942	KR	18	Buk-gu
Dong-gu	106354	KR	18	Dong-gu
동구	106354	KR	18	Dong-gu
Gwangju	1411357	KR	18	Gwangju
광주광역시	1411357	KR	18	Gwangju
광주시	1411357	KR	18	Gwangju
Gwangsan-gu	392653	KR	18	Gwangsan-gu
광산구	392653	KR	18	Gwangsan-gu
Nam-gu	207363	KR	18	Nam-gu
남구	207363	KR	18	Nam-gu
Seo-gu	280045	KR	18	Seo-gu
서구	280045	KR	18	Seo-gu
Daedeok-gu	169171	KR	19	Daedeok-gu
대덕	169171	KR	19	Daedeok-gu
대덕구	169171	KR	19	Daedeok-gu
Daejeon	1470336	KR	19	Daejeon
대전광역시	1470336	KR	19	Daejeon
대전직할시	1470336	KR	19	Daejeon
Dong-gu	218640	KR	19	Dong-gu
동구	218640	KR	19	Dong-gu
Jung-gu	265467	KR	19	Jung-gu
중구	265467	KR	19	Jung-gu
Seo-gu	458903	KR	19	Seo-gu
서구	458903	KR	19	Seo-gu
Yuseong-gu	369405	KR	19	Yuseong-gu
유성구	369405	KR	19	Yuseong-gu
Changnyeong-gun	74668	KR	20	Changnyeong-gun
창녕	74668	KR	20	Changnyeong-gun
창녕군	74668	KR	20	Changnyeong-gun
Changwon-si	1001902	KR	20	Changwon-si
창원	1001902	KR	20	Changwon-si
창원시	1001902	KR	20	Changwon-si
Geochang-gun	67224	KR	20	Geochang-gun
거창	67224	KR	20	Geochang-gun
거창군	67224	KR	20	Geochang-gun
Geoje-si	229500	KR	20	Geoje-si
거제	229500	KR	20	Geoje-si
거제시	229500	KR	20	Geoje-si
Gimhae-si	531966	KR	20	Gimhae-si
김해	531966	KR	20	Gimhae-si
김해시	531966	KR	20	Gimhae-si
Goseong-gun	62446	KR	20	Goseong-gun
고성	62446	KR	20	Goseong-gun
고성군	62446	KR	20	Goseong-gun
Gyeongsangnam-do	3447687	KR	20	Gyeongsangnam-do
경상남도	3447687	KR	20	Gyeongsangnam-do
Hadong-gun	58010	KR	20	Hadong-gun
하동	58010	KR	20	Hadong-gun
하동군	58010	KR	20	Hadong-gun
Haman-gun	63435	KR	20	Haman-gun
함안	63435	KR	20	Haman-gun
함안군	63435	KR	20	Haman-gun
Hamyang-gun	0	KR	20	Hamyang-gun
함양	0	KR	20	Hamyang-gun
함양군	0	KR	20	Hamyang-gun
Hapcheon-gun	60160	KR	20	Hapcheon-gun
합천	60160	KR	20	Hapcheon-gun
합천군	60160	KR	20	Hapcheon-gun
Jinju-si	340816	KR	20	Jinju-si
진주	340816	KR	20	Jinju-si
진주시	340816	KR	20	Jinju-si
Miryang-si	108621	KR	20	Miryang-si
밀양	108621	KR	20	Miryang-si
밀양시	108621	KR	20	Miryang-si
Namhae-gun	54392	KR	20	Namhae-gun
남해	54392	KR	20	Namhae-gun
남해군	54392	KR	20	Namhae-gun
Sacheon-si	114556	KR	20	Sacheon-si
사천	114556	KR	20	Sacheon-si
사천시	114556	KR	20	Sacheon-si
Sancheong-gun	39863	KR	20	Sancheong-gun
산청	39863	KR	20	Sancheong-gun
산청군	39863	KR	20	Sancheong-gun
Tongyeong-si	0	KR	20	Tongyeong-si
통영	0	KR	20	Tongyeong-si
통영시	0	KR	20	Tongyeong-si
Uiryeong-gun	32371	KR	20	Uiryeong-gun
의령	32371	KR	20	Uiryeong-gun
의령군	32371	KR	20	Uiryeong-gun
Yangsan-si	0	KR	20	Yangsan-si
양산	0	KR	20	Yangsan-si
양산시	0	KR	20	Yangsan-si
Buk-gu	216561	KR	21	Buk-gu
북구	216561	KR	21	Buk-gu
Dong-gu	151067	KR	21	Dong-gu
동구	151067	KR	21	Dong-gu
Jung-gu	208568	KR	21	Jung-gu
중구	208568	KR	21	Jung-gu
Nam-gu	314301	KR	21	Nam-gu
남구	314301	KR	21	Nam-gu
Ulju-gun	219174	KR	21	Ulju-gun
울주군	219174	KR	21	Ulju-gun
Ulsan	1098728	KR	21	Ulsan
울산광역시	1098728	KR	21	Ulsan
Sejong-Si	0	KR	22	Sejong-Si
Sejong-si	394630	KR	22	Sejong-si
세종시	394630	KR	22	Sejong-si
세종특별자치시	394630	KR	22	Sejong-si
